standing	reading	title	authors
1	10	Don Quixote	Miguel de Cervantes
2	26	Ulysses	James Joyce
3	3	War and Peace	Leo Tolstoy
4	27	In Search of Lost Time	Marcel Proust
5	1	The Brothers Karamazov	Fyodor Dostoevsky
6	23	The Tale of Genji	Murasaki Shikibu
7	2	Middlemarch	George Eliot
8	5	One Hundred Years of Solitude	Gabriel García Márquez
9	25	Moby-Dick	Herman Melville
10	8	Anna Karenina	Leo Tolstoy
11	32	Madame Bovary	Gustave Flaubert
12	33	Dream of the Red Chamber	Cao Xueqin
13	4	Pride and Prejudice	Jane Austen
14	34	The Sound and the Fury	William Faulkner
15	6	Beloved	Toni Morrison
16	13	The Great Gatsby	F. Scott Fitzgerald
17	35	Lolita	Vladimir Nabokov
18	7	Crime and Punishment	Fyodor Dostoevsky
19	19	The Trial	Franz Kafka
20	30	To the Lighthouse	Virginia Woolf
21	24	The Magic Mountain	Thomas Mann
22	36	The Decameron	Giovanni Boccaccio
23	37	Adventures of Huckleberry Finn	Mark Twain
24	9	Things Fall Apart	Chinua Achebe
25	11	Nineteen Eighty-Four	George Orwell
26	38	The Man Without Qualities	Robert Musil
27	14	Pedro Páramo	Juan Rulfo
28	39	The Red and the Black	Stendhal
29	40	Wuthering Heights	Emily Brontë
30	12	Jane Eyre	Charlotte Brontë
31	22	Ficciones	Jorge Luis Borges
32	41	Mrs Dalloway	Virginia Woolf
33	18	The Master and Margarita	Mikhail Bulgakov
34	42	Invisible Man	Ralph Ellison
35	43	The Catcher in the Rye	J.D. Salinger
36	44	Catch-22	Joseph Heller
37	45	Brave New World	Aldous Huxley
38	46	Pale Fire	Vladimir Nabokov
39	47	The Golden Notebook	Doris Lessing
40	48	Tristram Shandy	Laurence Sterne
41	49	Dead Souls	Nikolai Gogol
42	50	Absalom, Absalom!	William Faulkner
43	29	The Grapes of Wrath	John Steinbeck
44	51	The Tin Drum	Günter Grass
45	16	Season of Migration to the North	Tayeb Salih
46	52	Grande sertão: veredas	João Guimarães Rosa
47	53	A Passage to India	E. M. Forster
48	54	As I Lay Dying	William Faulkner
49	55	Nostromo	Joseph Conrad
50	20	The Doll	Bolesław Prus
51	56	Cairo Trilogy	Naguib Mahfouz
52	17	The Lord of the Rings	J. R. R. Tolkien
53	57	Gulliver's Travels	Jonathan Swift
54	58	Great Expectations	Charles Dickens
55	59	A Portrait of the Artist As a Young Man	James Joyce
56	15	The Stranger	Albert Camus
57	60	Midnight’S Children	Salman Rushdie
58	61	Heart of Darkness	Joseph Conrad
59	62	The Idiot	Fyodor Dostoevsky
60	63	Demons	Fyodor Dostoevsky
61	64	This Earth of Mankind	Pramoedya Ananta Toer
62	65	God’s Bits of Wood	Ousmane Sembène
63	66	History	Elsa Morante
64	67	Complete Stories	Clarice Lispector
65	21	Kokoro	Natsume Sōseki
66	68	Jude the Obscure	Thomas Hardy
67	69	Solaris	Stanisław Lem
68	70	Sentimental Education	Gustave Flaubert
69	71	Buddenbrooks	Thomas Mann
70	72	The Sound of the Mountain	Yasunari Kawabata
71	73	Children of Gebelawi	Naguib Mahfouz
72	74	Independent People	Halldór Laxness
73	75	Hunger	Knut Hamsun
74	76	Blindness	José Saramago
75	77	The Book of Disquiet	Fernando Pessoa
76	78	Memoirs of Hadrian	Marguerite Yourcenar
77	79	Journey to the End of the Night	Louis-Ferdinand Céline
78	80	Berlin Alexanderplatz	Alfred Döblin
79	81	Molloy, Malone Dies, The Unnamable	Samuel Beckett
80	82	Love in the Time of Cholera	Gabriel García Márquez
81	83	Zeno’s Conscience	Italo Svevo
82	84	Gargantua and Pantagruel	François Rabelais
83	85	The Handmaid's Tale	Margaret Atwood
84	86	Giovanni's Room	James Baldwin
85	87	The Sea, the Sea	Iris Murdoch
86	88	Rebecca	Daphne du Maurier
87	89	North and South	Elizabeth Gaskell
88	90	The Mill on the Floss	George Eliot
89	91	Persuasion	Jane Austen
90	92	Bleak House	Charles Dickens
91	93	David Copperfield	Charles Dickens
92	94	East of Eden	John Steinbeck
93	95	Wide Sargasso Sea	Jean Rhys
94	96	Darkness at Noon	Arthur Koestler
95	97	Sons and Lovers	D.H. Lawrence
96	98	Under the Volcano	Malcolm Lowry
97	99	The Way of All Flesh	Samuel Butler
98	100	I, Claudius	Robert Graves
99	101	An American Tragedy	Theodore Dreiser
100	102	The Heart Is a Lonely Hunter	Carson McCullers
101	103	Slaughterhouse-Five	Kurt Vonnegut
102	104	Native Son	Richard Wright
103	105	Henderson the Rain King	Saul Bellow
104	106	Appointment in Samarra	John O’Hara
105	107	U.S.A. Trilogy	John Dos Passos
106	108	Winesburg, Ohio	Sherwood Anderson
107	109	The Wings of the Dove	Henry James
108	110	The Ambassadors	Henry James
109	111	Tender Is the Night	F. Scott Fitzgerald
110	112	Studs Lonigan	James T. Farrell
111	113	The Good Soldier	Ford Madox Ford
112	114	Animal Farm	George Orwell
113	115	The Golden Bowl	Henry James
114	116	Sister Carrie	Theodore Dreiser
115	117	A Handful of Dust	Evelyn Waugh
116	118	All the King’S Men	Robert Penn Warren
117	119	The Bridge of San Luis Rey	Thornton Wilder
118	120	Howards End	E. M. Forster
119	121	Go Tell It on the Mountain	James Baldwin
120	122	The Heart of the Matter	Graham Greene
121	123	Lord of the Flies	William Golding
122	124	Deliverance	James Dickey
123	125	A Dance to the Music of Time	Anthony Powell
124	126	Point Counter Point	Aldous Huxley
125	127	The Sun Also Rises	Ernest Hemingway
126	128	The Secret Agent	Joseph Conrad
127	129	The Rainbow	D.H. Lawrence
128	130	Women in Love	D.H. Lawrence
129	131	Tropic of Cancer	Henry Miller
130	132	The Naked and the Dead	Norman Mailer
131	133	Portnoy’S Complaint	Philip Roth
132	134	Light in August	William Faulkner
133	135	On the Road	Jack Kerouac
134	136	The Maltese Falcon	Dashiell Hammett
135	137	Parade’S End	Ford Madox Ford
136	138	The Age of Innocence	Edith Wharton
137	139	Zuleika Dobson	Max Beerbohm
138	140	The Moviegoer	Walker Percy
139	141	Death Comes for the Archbishop	Willa Cather
140	142	From Here to Eternity	James Jones
141	143	The Wapshot Chronicle	John Cheever
142	144	A Clockwork Orange	Anthony Burgess
143	145	Of Human Bondage	W. Somerset Maugham
144	146	Main Street	Sinclair Lewis
145	147	The House of Mirth	Edith Wharton
146	148	The Alexandria Quartet	Lawrence Durrell
147	149	A High Wind in Jamaica	Richard Hughes
148	150	A House for Mr Biswas	V.S. Naipaul
149	151	The Day of the Locust	Nathanael West
150	152	A Farewell to Arms	Ernest Hemingway
151	153	Scoop	Evelyn Waugh
152	154	The Prime of Miss Jean Brodie	Muriel Spark
153	155	Finnegans Wake	James Joyce
154	156	Kim	Rudyard Kipling
155	157	A Room with a View	E. M. Forster
156	158	Brideshead Revisited	Evelyn Waugh
157	159	The Adventures of Augie March	Saul Bellow
158	160	Angle of Repose	Wallace Stegner
159	161	A Bend in the River	V.S. Naipaul
160	162	The Death of the Heart	Elizabeth Bowen
161	163	Lord Jim	Joseph Conrad
162	164	Ragtime	E.L. Doctorow
163	165	The Old Wives’ Tale	Arnold Bennett
164	166	The Call of the Wild	Jack London
165	167	Loving	Henry Green
166	168	Tobacco Road	Erskine Caldwell
167	169	Ironweed	William Kennedy
168	170	The Magus	John Fowles
169	171	Under the Net	Iris Murdoch
170	172	Sophie’S Choice	William Styron
171	173	The Sheltering Sky	Paul Bowles
172	174	The Postman Always Rings Twice	James M. Cain
173	175	The Ginger Man	J.P. Donleavy
174	176	The Magnificent Ambersons	Booth Tarkington
175	177	Alice's Adventures in Wonderland	Lewis Carroll
176	178	The Adventures of Tom Sawyer	Mark Twain
177	179	Treasure Island	Robert Louis Stevenson
178	180	The Scarlet Letter	Nathaniel Hawthorne
179	181	The Pilgrim's Progress	John Bunyan
180	182	A Christmas Carol	Charles Dickens
181	183	A Tale of Two Cities	Charles Dickens
182	184	Little Women	Louisa May Alcott
183	31	Frankenstein	Mary Shelley
184	185	Oliver Twist	Charles Dickens
185	186	Uncle Tom's Cabin	Harriet Beecher Stowe
186	187	Dracula	Bram Stoker
187	188	The Three Musketeers	Alexandre Dumas
188	189	To Kill a Mockingbird	Harper Lee
189	190	Les Misérables	Victor Hugo
190	191	The Little Prince	Antoine de Saint-Exupéry
191	192	20,000 Leagues Under the Sea	Jules Verne
192	193	The Picture of Dorian Gray	Oscar Wilde
193	194	Sense and Sensibility	Jane Austen
194	195	The Last of the Mohicans	James Fenimore Cooper
195	196	Tess of the d'Urbervilles	Thomas Hardy
196	28	The Count of Monte Cristo	Alexandre Dumas
197	197	The Old Man and the Sea	Ernest Hemingway
198	198	The Hunchback of Notre Dame	Victor Hugo
199	199	Ivanhoe	Walter Scott
200	200	The Red Badge of Courage	Stephen Crane
201	201	Anne of Green Gables	L.M. Montgomery
202	202	The House of the Seven Gables	Nathaniel Hawthorne
203	203	The Prince and the Pauper	Mark Twain
204	204	Lady Chatterley's Lover	D.H. Lawrence
205	205	Kidnapped: the Adventures of David Balfour	Robert Louis Stevenson
206	206	Fahrenheit 451	Ray Bradbury
207	207	A Journey to the Center of the Earth	Jules Verne
208	208	Vanity Fair	William Makepeace Thackeray
209	209	All Quiet on the Western Front	Erich Maria Remarque
210	210	Gone with the Wind	Margaret Mitchell
211	211	My Ántonia	Willa Cather
212	212	Of Mice and Men	John Steinbeck
213	213	The Vicar of Wakefield	Oliver Goldsmith
214	214	A Connecticut Yankee in King Arthur's Court	Mark Twain
215	215	White Fang	Jack London
216	216	Fathers and Sons	Ivan Turgenev
217	217	Doctor Zhivago	Boris Pasternak
218	218	The Jungle	Upton Sinclair
219	219	Mansfield Park	Jane Austen
220	220	Candide	Voltaire
221	221	For Whom the Bell Tolls	Ernest Hemingway
222	222	Far from the Madding Crowd	Thomas Hardy
223	223	The Return of the Native	Thomas Hardy
224	224	Père Goriot	Honoré de Balzac
225	225	A Confederacy of Dunces	John Kennedy Toole
226	226	Another Country	James Baldwin
227	227	Barchester Towers	Anthony Trollope
228	228	Diary of a Nobody	George Grossmith; Weedon Grossmith
229	229	Hard Times	Charles Dickens
230	230	I Capture the Castle	Dodie Smith
231	231	Jacques the Fatalist	Denis Diderot
232	232	Love in a Cold Climate	Nancy Mitford
233	233	Madonna in a Fur Coat	Sabahattin Ali
234	234	One Day in the Life of Ivan Denisovich	Alexander Solzhenitsyn
235	235	One Flew Over the Cuckoo's Nest	Ken Kesey
236	236	Orlando	Virginia Woolf
237	237	Perfume	Patrick Süskind
238	238	Silas Marner	George Eliot
239	239	Staying on	Paul Scott
240	240	The Betrothed	Alessandro Manzoni
241	241	The Castle	Franz Kafka
242	242	The Chrysalids	John Wyndham
243	243	The Code of the Woosters	P. G. Wodehouse
244	244	The Forsyte Saga	John Galsworthy
245	245	The Go-Between	L. P. Hartley
246	246	The Outsiders	S. E. Hinton
247	247	The Quiet American	Graham Greene
248	248	The Razor's Edge	W. Somerset Maugham
249	249	The Secret History	Donna Tartt
250	250	The Time Machine	H. G. Wells
