standing	reading	title	field
1	31	On the Origin of Species	nonfiction
2	9	The Power Broker	nonfiction
3	2	The Souls of Black Folk	nonfiction
4	32	The History of the Decline and Fall of the Roman Empire	nonfiction
5	3	Silent Spring	nonfiction
6	15	The Second Sex	philosophy
7	33	The Structure of Scientific Revolutions	nonfiction
8	1	If This Is a Man	nonfiction
9	34	The Making of the English Working Class	nonfiction
10	35	Muqaddimah	nonfiction
11	4	The Autobiography of Malcolm X	nonfiction
12	36	The General Theory of Employment, Interest and Money	nonfiction
13	19	The Republic	philosophy
14	37	The Origins of Totalitarianism	nonfiction
15	38	The Education of Henry Adams	nonfiction
16	16	The Death and Life of Great American Cities	nonfiction
17	7	Hiroshima	nonfiction
18	39	Essays	nonfiction
19	40	The Wealth of Nations	philosophy
20	41	Orientalism	nonfiction
21	42	Democracy in America	philosophy
22	43	The Double Helix	nonfiction
23	14	A Room of One'S Own	nonfiction
24	8	The Emperor of All Maladies	nonfiction
25	44	The Guns of August	nonfiction
26	5	The Warmth of Other Suns	nonfiction
27	45	Imagined Communities	nonfiction
28	13	The Story of Art	nonfiction
29	46	The Feminine Mystique	nonfiction
30	11	Secondhand Time	nonfiction
31	47	The Interesting Narrative of the Life of Olaudah Equiano	nonfiction
32	10	Maus	nonfiction
33	48	The Selfish Gene	nonfiction
34	6	The Immortal Life of Henrietta Lacks	nonfiction
35	49	The Wretched of the Earth	nonfiction
36	50	The Civil War	nonfiction
37	51	Black Boy	nonfiction
38	28	Notes of a Native Son	nonfiction
39	24	Deng Xiaoping and the Transformation of China	nonfiction
40	21	From the Soil	nonfiction
41	52	The Historian’s Craft	nonfiction
42	53	The Falling Sky	nonfiction
43	54	A Theory of Justice	philosophy
44	17	The Sixth Extinction	nonfiction
45	12	The Year of Magical Thinking	nonfiction
46	29	A Brief History of Time	nonfiction
47	30	Bury My Heart at Wounded Knee	nonfiction
48	55	The Rise and Fall of the Third Reich	nonfiction
49	18	The Right Stuff	nonfiction
50	26	The Omnivore's Dilemma	nonfiction
51	56	The Mismeasure of Man	nonfiction
52	57	Gödel, Escher, Bach	nonfiction
53	25	The Gene	nonfiction
54	58	London Labour and the London Poor	nonfiction
55	27	Testament of Youth	nonfiction
56	59	The Road to Wigan Pier	nonfiction
57	60	The Lives of a Cell	nonfiction
58	61	Awakenings	nonfiction
59	62	The Art of Memory	nonfiction
60	63	The Hero with a Thousand Faces	nonfiction
61	64	The Uses of Literacy: Aspects of Working-Class Life	nonfiction
62	65	Thinking, Fast and Slow	nonfiction
63	20	The Demon-Haunted World	nonfiction
64	66	The American Cinema	nonfiction
65	67	Mystery Train	nonfiction
66	68	A Book of Mediterranean Food	nonfiction
67	69	The Sweet Science	nonfiction
68	70	The Elements of Style	nonfiction
69	71	Working	nonfiction
70	72	The American Way of Death	nonfiction
71	73	The Natural History and Antiquities of Selborne	nonfiction
72	74	The Anatomy of Melancholy	nonfiction
73	75	The Diary of Samuel Pepys	nonfiction
74	76	The Life of Samuel Johnson	nonfiction
75	77	The Autobiography of Benjamin Franklin	nonfiction
76	78	Personal Memoirs	nonfiction
77	79	The Human Race	nonfiction
78	80	1587, A Year of No Significance	nonfiction
79	22	Stories of the Sahara	nonfiction
80	23	River Town	nonfiction
81	81	Critique of Pure Reason	philosophy
82	82	Nicomachean Ethics	philosophy
83	83	Metaphysics	philosophy
84	84	Analects	philosophy
85	85	Leviathan	philosophy
86	86	The Social Contract	philosophy
87	87	A Treatise of Human Nature	philosophy
88	88	Ethics	philosophy
89	89	Philosophical Investigations	philosophy
90	90	Phenomenology of Spirit	philosophy
91	91	The Human Condition	philosophy
92	92	Capital	philosophy
93	93	The Varieties of Religious Experience	philosophy
94	94	On Liberty	philosophy
95	95	Confessions	philosophy
96	96	The Guide for the Perplexed	philosophy
97	97	Summa Theologiae	philosophy
98	98	The Open Society and Its Enemies	philosophy
99	99	Discipline and Punish	philosophy
100	100	Annihilation of Caste	philosophy
101	101	Black Skin, White Masks	philosophy
102	102	Zhuangzi	philosophy
103	103	An Enquiry concerning Human Understanding	philosophy
104	104	Meditations on First Philosophy	philosophy
105	105	On the Genealogy of Morality	philosophy
106	106	Mengzi	philosophy
107	107	Xunzi	philosophy
108	108	The Incoherence of the Philosophers	philosophy
109	109	Theological-Political Treatise	philosophy
110	110	The Way of the Bodhisattva	philosophy
111	111	Silencing the Past	nonfiction
112	112	Worldmaking After Empire	nonfiction
113	113	Seven Interpretive Essays on Peruvian Reality	nonfiction
114	114	Why Read the Classics?	nonfiction
115	115	Narrative of the Life of Frederick Douglass, an American Slave	nonfiction
116	116	Up From Slavery	nonfiction
117	117	Selected Essays, 1917-1932	nonfiction
118	118	Speak, Memory	nonfiction
119	119	The American Language	nonfiction
120	120	The Frontier in American History	nonfiction
121	121	Aspects of the Novel	nonfiction
122	122	The Nature and Destiny of Man	nonfiction
123	123	The Autobiography of Alice B. Toklas	nonfiction
124	124	An American Dilemma	nonfiction
125	125	The Mirror and the Lamp	nonfiction
126	126	The Art of the Soluble	nonfiction
127	127	The Ants	nonfiction
128	128	Art and Illusion	nonfiction
129	129	On Growth and Form	nonfiction
130	130	Ideas and Opinions	nonfiction
131	131	The Age of Jackson	nonfiction
132	132	The Making of the Atomic Bomb	nonfiction
133	133	Black Lamb and Grey Falcon	nonfiction
134	134	Autobiographies	nonfiction
135	135	Science and Civilization in China	nonfiction
136	136	Goodbye to All That	nonfiction
137	137	Homage to Catalonia	nonfiction
138	138	The Autobiography of Mark Twain	nonfiction
139	139	Children of Crisis	nonfiction
140	140	A Study of History	nonfiction
141	141	The Affluent Society	nonfiction
142	142	Present at the Creation	nonfiction
143	143	The Great Bridge	nonfiction
144	144	Patriotic Gore	nonfiction
145	145	Samuel Johnson	nonfiction
146	146	Eminent Victorians	nonfiction
147	147	Darkness Visible	nonfiction
148	148	The Liberal Imagination	nonfiction
149	149	The Second World War	nonfiction
150	150	Out of Africa	nonfiction
151	151	Jefferson and His Time	nonfiction
152	152	In the American Grain	nonfiction
153	153	Cadillac Desert	nonfiction
154	154	The House of Morgan	nonfiction
155	155	Religion and the Rise of Capitalism	nonfiction
156	156	A Preface to Morals	nonfiction
157	157	The Gate of Heavenly Peace	nonfiction
158	158	The Strange Career of Jim Crow	nonfiction
159	159	The Rise of the West	nonfiction
160	160	The Gnostic Gospels	nonfiction
161	161	James Joyce	nonfiction
162	162	Florence Nightingale	nonfiction
163	163	The Great War and Modern Memory	nonfiction
164	164	The City in History	nonfiction
165	165	Battle Cry of Freedom	nonfiction
166	166	Why We Can’T Wait	nonfiction
167	167	The Rise of Theodore Roosevelt	nonfiction
168	168	Studies in Iconology	nonfiction
169	169	The Face of Battle	nonfiction
170	170	The Strange Death of Liberal England	nonfiction
171	171	Vermeer	nonfiction
172	172	A Bright Shining Lie	nonfiction
173	173	West with the Night	nonfiction
174	174	This Boy’S Life	nonfiction
175	175	A Mathematician’S Apology	nonfiction
176	176	Six Easy Pieces	nonfiction
177	177	Pilgrim at Tinker Creek	nonfiction
178	178	The Golden Bough	nonfiction
179	179	Shadow and Act	nonfiction
180	180	The American Political Tradition	nonfiction
181	181	The Contours of American History	nonfiction
182	182	The Promise of American Life	nonfiction
183	183	In Cold Blood	nonfiction
184	184	The Journalist and the Murderer	nonfiction
185	185	The Taming of Chance	nonfiction
186	186	Operating Instructions	nonfiction
187	187	Melbourne	nonfiction
188	188	Dreams from My Father	nonfiction
189	189	A Heartbreaking Work of Staggering Genius	nonfiction
190	190	I Know Why the Caged Bird Sings	nonfiction
191	191	Manchild in the Promised Land	nonfiction
192	192	A Moveable Feast	nonfiction
193	193	On Writing	nonfiction
194	194	A Walk in the Woods	nonfiction
195	195	Capitalism and Freedom	nonfiction
196	196	Fast Food Nation	nonfiction
197	197	How to Win Friends and Influence People	nonfiction
198	198	No Logo	nonfiction
199	199	Unsafe at Any Speed	nonfiction
200	200	What Color Is Your Parachute?	nonfiction
201	201	A Child of the Century	nonfiction
202	202	Within the Context of No Context	nonfiction
203	203	Against Interpretation and Other Essays	nonfiction
204	204	Slouching Towards Bethlehem	nonfiction
205	205	A Supposedly Fun Thing I'll Never Do Again	nonfiction
206	206	How to Cook a Wolf	nonfiction
207	207	And the Band Played On	nonfiction
208	208	The Common Sense Book of Baby and Child Care	nonfiction
209	209	The Joy of Sex	nonfiction
210	210	The Best and the Brightest	nonfiction
211	211	Carry Me Home	nonfiction
212	212	The Fatal Shore	nonfiction
213	213	A People's History of the United States	nonfiction
214	214	The Closing of the American Mind	nonfiction
215	215	The End of History and the Last Man	nonfiction
216	216	Syntactic Structures	nonfiction
217	217	Understanding Media	nonfiction
218	218	Zen and the Art of Motorcycle Maintenance	nonfiction
219	219	The Electric Kool-Aid Acid Test	nonfiction
220	220	The Executioner's Song	nonfiction
221	221	All the President's Men	nonfiction
222	222	The Clash of Civilizations and the Remaking of World Order	nonfiction
223	223	The Conscience of a Conservative	nonfiction
224	224	God and Man at Yale	nonfiction
225	225	What It Takes	nonfiction
226	226	Coming of Age in Samoa	nonfiction
227	227	The Naked Ape	nonfiction
228	228	On Human Nature	nonfiction
229	229	Animal Liberation	nonfiction
230	230	The Beauty Myth	nonfiction
231	231	Guns, Germs, and Steel	nonfiction
232	232	Nickel and Dimed	nonfiction
233	233	The Other America	nonfiction
234	234	Ball Four	nonfiction
235	235	Dispatches	nonfiction
236	236	The Looming Tower	nonfiction
237	237	The Female Eunuch	nonfiction
238	238	Awopbopaloobop Alopbamboom	nonfiction
239	239	A Grief Observed	nonfiction
240	240	The Nude: A Study of Ideal Art	nonfiction
241	241	The Hedgehog and the Fox	nonfiction
242	242	The Great Tradition	nonfiction
243	243	The Last Days of Hitler	nonfiction
244	244	Enemies of Promise	nonfiction
245	245	The Road to Oxiana	nonfiction
246	246	My Early Life: A Roving Commission	nonfiction
247	247	Ten Days That Shook the World	nonfiction
248	248	The Economic Consequences of the Peace	nonfiction
249	249	De Profundis	nonfiction
250	250	Brief Lives	nonfiction
