standing	reading	title	author	source_links
1	12	Iliad	Homer	8
2	6	Odyssey	Homer	9
3	11	Divine Comedy	Dante Alighieri	8
4	16	Paradise Lost	Milton	11
5	5	Leaves of Grass	Walt Whitman	5
6	1	The Complete Poems of Emily Dickinson	Emily Dickinson	5
7	8	Shakespeare's Sonnets	William Shakespeare	4
8	17	Les Fleurs du Mal	Charles Baudelaire	3
9	18	The Canterbury Tales	Geoffrey Chaucer	5
10	19	Aeneid	Virgil	9
11	14	Duino Elegies	Rainer Maria Rilke	3
12	13	Four Quartets	T.S. Eliot	5
13	20	The Collected Poems of W.B. Yeats	W.B. Yeats	4
14	21	The Complete Poems	John Keats	5
15	22	Metamorphoses	Ovid	6
16	10	Songs of Innocence and of Experience	William Blake	4
17	23	The Cantos	Ezra Pound	1
18	15	Omeros	Derek Walcott	2
19	2	Ariel	Sylvia Plath	8
20	3	The Wild Iris	Louise Glück	3
21	24	The Rime of the Ancient Mariner	Samuel Taylor Coleridge	6
22	25	Citizen: An American Lyric	Claudia Rankine	6
23	26	Milk and honey	Rupi Kaur	5
24	27	The Waste Land	T.S. Eliot	6
25	28	The Poet X	Elizabeth Acevedo	4
26	29	The Prophet	Kahlil Gibran	5
27	30	The Collected Poems	Langston Hughes	5
28	31	Crush	Richard Siken	5
29	32	100 Love Sonnets	Pablo Neruda	5
30	33	The Complete Poems 1927-1979	Elizabeth Bishop	5
31	34	The Waste Land and Other Poems	T.S. Eliot	4
32	4	Twenty Love Poems and a Song of Despair	Pablo Neruda	4
33	35	The Raven	Edgar Allan Poe	4
34	36	The Collected Poems	Sylvia Plath	4
35	37	Lunch Poems	Frank O'Hara	4
36	38	Brown Girl Dreaming	Jacqueline Woodson	3
37	39	Howl and Other Poems	Allen Ginsberg	4
38	9	The Poetry of Robert Frost	Robert Frost	4
39	40	Where the Sidewalk Ends	Shel Silverstein	4
40	41	A Thousand Mornings: Poems	Mary Oliver	4
41	42	Devotions: The Selected Poems of Mary Oliver	Mary Oliver	4
42	43	The Poetry of Pablo Neruda	Pablo Neruda	4
43	44	The Princess Saves Herself in This One	Amanda Lovelace	3
44	45	100 Selected Poems	E.E. Cummings	3
45	46	Troilus and Criseyde	Geoffrey Chaucer	3
46	47	The Selected Poetry of Rainer Maria Rilke	Rainer Maria Rilke	3
47	48	Song of Myself	Walt Whitman	3
48	49	Old Possum's Book of Practical Cats	T.S. Eliot	3
49	50	New and Selected Poems, Volume One	Mary Oliver	3
50	51	Collected Poems, 1909-1962	T.S. Eliot	3
51	52	The Major Works	William Wordsworth	3
52	53	Diving Into the Wreck	Adrienne Rich	3
53	54	Time Is a Mother	Ocean Vuong	3
54	55	Lyrical Ballads	William Wordsworth	3
55	56	Love That Dog	Sharon Creech	2
56	57	Lullabies	Lang Leav	2
57	58	The Crossover	Kwame Alexander	2
58	59	Love & Misadventure	Lang Leav	2
59	60	The Rape of the Lock	Alexander Pope	2
60	61	Illuminations	Arthur Rimbaud	2
61	62	The Collected Poems	Wallace Stevens	2
62	63	The Melancholy Death of Oyster Boy and Other Stories	Tim Burton	2
63	64	The Complete Poems	Anne Sexton	2
64	65	Stopping by Woods on a Snowy Evening	Robert Frost	2
65	66	The Rubaiyat	Omar Khayyam	3
66	67	Depression & Other Magic Tricks	Sabrina Benaim	2
67	68	E.E. Cummings: Complete Poems 1904-1962	E.E. Cummings	2
68	69	Bluets	Maggie Nelson	2
69	70	If Not, Winter: Fragments of Sappho	Sappho	2
70	71	A Light in the Attic	Shel Silverstein	2
71	72	The Complete Collected Poems	Maya Angelou	2
72	73	Faithful and Virtuous Night	Louise Glück	2
73	74	Love Her Wild	Atticus .	2
74	75	Self-Portrait in a Convex Mirror	John Ashbery	2
75	76	The Beauty of the Husband: A Fictional Essay in 29 Tangos	Anne Carson	2
76	77	Shahnameh: The Persian Book of Kings	Abolqasem Ferdowsi	3
77	78	The Complete English Poems	John Donne	3
78	79	Sir Gawain and the Green Knight	Gawain Poet	3
79	80	Paterson	William Carlos Williams	3
80	81	The Faerie Queene	Edmund Spenser	3
81	82	The Raven and Other Poems	Edgar Allan Poe	2
82	83	The Complete Poetry	Edgar Allan Poe	2
83	84	The Essential Rumi	Jalal ad-Din Muhammad ar-Rumi	2
84	85	Don Juan	Lord Byron	2
85	86	Idylls of the King	Alfred Tennyson	2
86	87	Jerusalem Delivered	Torquato Tasso	2
87	88	Autobiography of Red: A Novel in Verse	Anne Carson	2
88	89	The Love Song of J. Alfred Prufrock and Other Poems	T.S. Eliot	2
89	90	The Collected Poems, Vol. 1: 1909-1939	William Carlos Williams	2
90	91	Bright Dead Things	Ada Limon	2
91	92	Life on Mars: Poems	Tracy K. Smith	2
92	93	Dearly	Margaret Atwood	2
93	94	Sonnets from the Portuguese	Elizabeth Barrett Browning	2
94	95	Postcolonial Love Poem	Natalie Díaz	2
95	96	The Carrying	Ada Limon	2
96	97	The Dogs I Have Kissed	Trista Mateer	2
97	98	The Fact of a Doorframe: Poems Selected and New, 1950-1984	Adrienne Rich	2
98	99	Poems of Paul Celan	Paul Celan	2
99	100	The Lady of Shalott	Alfred Tennyson	2
100	101	Love Is a Dog from Hell	Charles Bukowski	2
101	102	The Night Before Christmas	Clement Clarke Moore	1
102	103	Jason and the Golden Fleece	Apollonius of Rhodes	1
103	104	Orlando Furioso	Ludovico Ariosto	1
104	105	The Lays of Beleriand	J.R.R. Tolkien	1
105	106	The Lusiads	Luís de Camões	1
106	107	View with a Grain of Sand: Selected Poems	Wisława Szymborska	1
107	108	The Lady of the Lake	Walter Scott	1
108	109	Aimless Love: New and Selected Poems	Billy Collins	1
109	110	Out of the Dust	Karen Hesse	1
110	111	Childe Harold's Pilgrimage	Lord Byron	1
111	112	Theogony / Works and Days	Hesiod	1
112	113	Sonnets to Orpheus	Rainer Maria Rilke	1
113	114	Goblin Market: A Tale of Two Sisters	Christina Rossetti	1
114	115	Endymion: A Poetic Romance	John Keats	1
115	116	Parzival	Wolfram von Eschenbach	1
116	7	Poems New and Collected	Wisława Szymborska	1
117	117	The Knight in the Panther's Skin	Shota Rustaveli	1
118	118	Dirty Pretty Things	Michael Faudet	1
119	119	The Poems of Gerard Manley Hopkins	Gerard Manley Hopkins	1
120	120	Civil War	Lucan	1
121	121	War Music: An Account of Homer's Iliad	Christopher Logue	1
122	122	The Story of Sigurd the Volsung	William Morris	1
123	123	A Coney Island of the Mind	Lawrence Ferlinghetti	1
124	124	Felicity	Mary Oliver	1
125	125	Transformations	Anne Sexton	1
126	126	The Thebaid: Seven Against Thebes	Publius Papinius Statius	1
127	127	Aurora Leigh	Elizabeth Barrett Browning	1
128	128	Inside Out & Back Again	Thanhhà Lại	1
129	129	No Matter the Wreckage: Poems	Sarah Kay	1
130	130	Falling Up	Shel Silverstein	1
131	131	The Beautifully Worthless	Ali Liebegott	1
132	132	The Iovis Trilogy: Colors in the Mechanism of Concealment	Anne Waldman	1
133	133	I Love a Broad Margin to My Life	Maxine Hong Kingston	1
134	134	Clarel: A Poem and Pilgrimage in the Holy Land	Herman Melville	1
135	135	Savitri	Sri Aurobindo	1
136	136	Sea Prayer	Khaled Hosseini	1
137	137	The Dream Songs	John Berryman	1
138	138	The Trouble With Poetry: And Other Poems	Billy Collins	1
139	139	Averno	Louise Glück	1
140	140	C.P. Cavafy: Collected Poems	Constantinos P. Cavafy	1
141	141	The Selected Poems	Federico García Lorca	1
142	142	The Collected Poems	Theodore Roethke	1
143	143	Picnic, Lightning	Billy Collins	1
144	144	Joyful Noise: Poems for Two Voices	Paul Fleischman	1
145	145	Death of a Naturalist	Seamus Heaney	1
146	146	The Complete Poems of Anna Akhmatova	Anna Akhmatova	1
147	147	Above the River: The Complete Poems	James Wright	1
148	148	Native Guard: Poems	Natasha Trethewey	1
149	149	Home Body	Rupi Kaur	1
150	150	The Complete Poems	Hart Crane	1
151	151	The Odyssey: A Modern Sequel	Nikos Kazantzakis	1
152	152	Chicago Poems	Carl Sandburg	1
153	153	The Hill We Climb: An Inaugural Poem for the Country	Amanda Gorman	1
154	154	Salt	Nayyirah Waheed	1
155	155	Collected Poems	Dylan Thomas	1
156	156	Ramayana	Valmiki	1
157	157	Selected Poems	Lord Byron	1
158	158	The Tale of Kieu	Nguyễn Du	1
159	159	Collected Poems	Philip Larkin	1
160	160	Collected Poems	Edna St. Vincent Millay	1
161	161	Selected Poems	W.H. Auden	1
162	162	Selected Poems	William Carlos Williams	1