ranking,slug,entries,local_country_placements,registered_sources,sources_flagged_eligible,eligible_sources_per_entry,distinct_source_ids_linked_to_active_editorial_entries,entries_with_editorial_source_links,single_source_entries,wikipedia_only_entries,distinct_reference_bundles,entries_sharing_most_common_bundle,eligible_search_result_urls,largest_eligible_source_host,sources_on_largest_host,scope_note
Ancient Rome · Books,history-books-ancient-rome,100,,226,226,2.26,5,100,0,0,1,100,170,google.com,170,"Counts are saved records and citations, not independently verified substantive support."
Ancient works · All time,books-ancient,130,,221,221,1.7,5,130,0,0,1,130,0,reddit.com,36,"Counts are saved records and citations, not independently verified substantive support."
Ancient world · History books,history-books-ancient-world,100,,230,230,2.3,5,100,0,0,1,100,0,bmcr.brynmawr.edu,36,"Counts are saved records and citations, not independently verified substantive support."
Biography & autobiography · All time,books-biography-autobiography-all-time,150,,277,277,1.847,252,150,72,55,150,1,0,en.wikipedia.org,105,"Counts are saved records and citations, not independently verified substantive support."
Books · Africa,books-africa,149,,255,255,1.711,5,149,0,0,1,149,170,goodreads.com,157,"Counts are saved records and citations, not independently verified substantive support."
Books · All time,books-all-time,250,,415,369,1.476,132,250,75,0,181,58,0,reddit.com,29,"Counts are saved records and citations, not independently verified substantive support."
Books · Arabic tradition,books-arabic,98,,207,207,2.112,159,98,23,0,97,2,0,complete-review.com,34,"Counts are saved records and citations, not independently verified substantive support."
Books · Caribbean,books-caribbean,50,,225,225,4.5,132,50,1,0,49,2,0,goodreads.com,14,"Counts are saved records and citations, not independently verified substantive support."
Books · Chinese-language tradition,books-china,100,,245,147,1.47,101,100,36,1,85,9,0,zh.wikisource.org,43,"Counts are saved records and citations, not independently verified substantive support."
Books · England,books-england,100,,247,167,1.67,5,100,0,0,1,100,0,thegreatestbooks.org,129,"Counts are saved records and citations, not independently verified substantive support."
Books · France,books-france,100,,130,130,1.3,5,100,0,0,1,100,0,goodreads.com,19,"Counts are saved records and citations, not independently verified substantive support."
Books · Germany,books-germany,100,,103,103,1.03,5,100,0,0,1,100,17,thegreatestbooks.org,13,"Counts are saved records and citations, not independently verified substantive support."
Books · India,books-india,100,,188,188,1.88,5,100,0,0,1,100,0,goodreads.com,42,"Counts are saved records and citations, not independently verified substantive support."
Books · Ireland,books-ireland,49,,239,131,2.673,5,49,0,0,1,49,0,jstor.org,15,"Counts are saved records and citations, not independently verified substantive support."
Books · Italy,books-italy,100,,145,145,1.45,5,100,0,0,1,100,0,reddit.com,13,"Counts are saved records and citations, not independently verified substantive support."
Books · Japan,books-japan,100,,259,153,1.53,129,100,64,37,97,3,0,en.wikipedia.org,58,"Counts are saved records and citations, not independently verified substantive support."
Books · Medieval world,books-medieval,100,,118,118,1.18,5,100,0,0,1,100,0,academic.oup.com,11,"Counts are saved records and citations, not independently verified substantive support."
Books · Poland,books-poland,100,,241,149,1.49,123,100,32,2,97,2,0,culture.pl,49,"Counts are saved records and citations, not independently verified substantive support."
Books · Russian literary tradition,books-russian,99,,220,220,2.222,169,99,27,0,98,2,0,polka.academy,86,"Counts are saved records and citations, not independently verified substantive support."
Books · Scotland,books-scotland,50,,270,50,1.0,5,50,0,0,1,50,0,asls.org.uk,12,"Counts are saved records and citations, not independently verified substantive support."
Books · South America,books-south-america,150,,260,260,1.733,5,150,0,0,1,150,9,reddit.com,25,"Counts are saved records and citations, not independently verified substantive support."
Books · Southeast Asia,books-southeast-asia,150,,268,268,1.787,5,150,0,0,1,150,0,goodreads.com,64,"Counts are saved records and citations, not independently verified substantive support."
Books · Turkish literary tradition,books-turkish-tradition,100,,137,137,1.37,5,100,0,0,1,100,0,goodreads.com,22,"Counts are saved records and citations, not independently verified substantive support."
Books · United States,books-united-states,100,,113,113,1.13,5,100,0,0,1,100,0,goodreads.com,8,"Counts are saved records and citations, not independently verified substantive support."
Books · Victorian world,books-victorian,150,,229,229,1.527,5,150,0,0,1,150,0,book.douban.com,33,"Counts are saved records and citations, not independently verified substantive support."
Chinese history · Books,history-books-chinese-history,49,,120,120,2.449,5,49,0,0,1,49,0,reddit.com,18,"Counts are saved records and citations, not independently verified substantive support."
Classical education · Guide,classical-education-guide,250,,311,287,1.148,269,250,194,69,245,3,0,en.wikipedia.org,71,"Counts are saved records and citations, not independently verified substantive support."
Comics and graphic novels · All time,comics-graphic-novels-all-time,250,,827,827,3.308,801,250,1,0,250,1,0,en.wikipedia.org,227,"Counts are saved records and citations, not independently verified substantive support."
English history · Books,history-books-england,100,,218,218,2.18,5,100,0,0,1,100,0,reddit.com,24,"Counts are saved records and citations, not independently verified substantive support."
Epistemology · Works,books-epistemology,100,,163,163,1.63,5,100,0,0,1,100,0,plato.stanford.edu,27,"Counts are saved records and citations, not independently verified substantive support."
Essays · All time,essay-all-time,100,,225,224,2.24,5,100,0,0,1,100,0,goodreads.com,31,"Counts are saved records and citations, not independently verified substantive support."
Ethics · Works,books-ethics,98,,138,138,1.408,5,98,0,0,1,98,0,plato.stanford.edu,23,"Counts are saved records and citations, not independently verified substantive support."
Fantasy books · All time,books-fantasy-all-time,150,,267,267,1.78,242,150,67,58,150,1,0,en.wikipedia.org,124,"Counts are saved records and citations, not independently verified substantive support."
Funniest books · All time,books-funniest-all-time,150,,354,281,1.873,271,150,57,22,150,1,0,en.wikipedia.org,48,"Counts are saved records and citations, not independently verified substantive support."
Historical fiction · All time,books-historical-fiction,99,,263,263,2.657,5,99,0,0,1,99,142,google.com,142,"Counts are saved records and citations, not independently verified substantive support."
History books · All time,history-books-all-time,234,,200,155,0.662,33,234,104,0,85,39,1,fivebooks.com,26,"Counts are saved records and citations, not independently verified substantive support."
History of London · Books,history-books-london,50,,266,266,5.32,5,50,0,0,1,50,0,goodreads.com,79,"Counts are saved records and citations, not independently verified substantive support."
Horror books · All time,books-horror-all-time,150,,267,267,1.78,192,120,23,15,119,2,0,en.wikipedia.org,109,"Counts are saved records and citations, not independently verified substantive support."
Josei manga · All time,manga-josei-all-time,200,,304,304,1.52,200,200,200,187,200,1,0,en.wikipedia.org,180,"Counts are saved records and citations, not independently verified substantive support."
Literary fiction · All time,literature-all-time,250,,101,101,0.404,34,250,168,24,34,71,0,doppiozero.com,6,"Counts are saved records and citations, not independently verified substantive support."
Manga · All time,manga-all-time,250,,596,596,2.384,482,250,69,1,242,3,0,reddit.com,75,"Counts are saved records and citations, not independently verified substantive support."
Medieval history · Books,history-books-medieval,50,,137,137,2.74,5,50,0,0,1,50,108,google.com,92,"Counts are saved records and citations, not independently verified substantive support."
Metaphysics · Books,books-metaphysics,100,,153,153,1.53,5,100,0,0,1,100,0,plato.stanford.edu,35,"Counts are saved records and citations, not independently verified substantive support."
Most addictive books · All time,books-addictive-all-time,150,,281,274,1.827,262,150,32,0,140,10,0,reddit.com,36,"Counts are saved records and citations, not independently verified substantive support."
Most beautifully written books · All time,books-beautifully-written-all-time,150,,320,320,2.133,297,150,61,42,150,1,0,en.wikipedia.org,111,"Counts are saved records and citations, not independently verified substantive support."
Most important literary works · All time,other-works-all-time,250,,611,611,2.444,579,250,85,92,250,1,0,en.wikipedia.org,208,"Counts are saved records and citations, not independently verified substantive support."
Most mainstream-loved books · All time,books-mainstream-loved-all-time,150,,281,200,1.333,191,150,26,11,125,7,0,en.wikipedia.org,32,"Counts are saved records and citations, not independently verified substantive support."
Nonfiction · All time,nonfiction-all-time,250,,322,290,1.16,63,250,111,0,69,62,0,reddit.com,31,"Counts are saved records and citations, not independently verified substantive support."
Philosophers · All time,philosophers-all-time,23,,100,100,4.348,38,23,7,0,23,1,0,plato.stanford.edu,25,"Counts are saved records and citations, not independently verified substantive support."
Philosophy books · All time,philosophy-books-all-time,250,,256,235,0.94,100,250,154,0,107,27,0,reddit.com,26,"Counts are saved records and citations, not independently verified substantive support."
Philosophy of language · Works,books-philosophy-of-language,20,,135,53,2.65,5,20,0,0,1,20,0,cambridge.org,7,"Counts are saved records and citations, not independently verified substantive support."
Philosophy of mathematics · Works,books-philosophy-of-mathematics,20,,132,132,6.6,5,20,0,0,1,20,0,plato.stanford.edu,19,"Counts are saved records and citations, not independently verified substantive support."
Philosophy of mind · Works,books-philosophy-of-mind,50,,153,153,3.06,5,50,0,0,1,50,0,reddit.com,13,"Counts are saved records and citations, not independently verified substantive support."
Philosophy of science · Works,books-philosophy-of-science,50,,120,120,2.4,5,50,0,0,1,50,0,plato.stanford.edu,19,"Counts are saved records and citations, not independently verified substantive support."
Plays · All time,play-all-time,149,,266,266,1.785,5,149,0,0,1,149,0,reddit.com,28,"Counts are saved records and citations, not independently verified substantive support."
Poetry · All time,poetry-all-time,162,,200,177,1.093,38,162,63,0,73,25,0,goodreads.com,27,"Counts are saved records and citations, not independently verified substantive support."
Political philosophy · Works,books-political-philosophy,50,,133,133,2.66,5,50,0,0,1,50,0,plato.stanford.edu,21,"Counts are saved records and citations, not independently verified substantive support."
Science books · All time,science-books-all-time,150,,270,270,1.8,249,150,17,7,149,2,0,en.wikipedia.org,58,"Counts are saved records and citations, not independently verified substantive support."
Science fiction · All time,books-science-fiction-all-time,150,,289,289,1.927,243,150,17,0,148,2,0,sf-encyclopedia.com,82,"Counts are saved records and citations, not independently verified substantive support."
Seinen manga · All time,manga-seinen-all-time,200,,253,253,1.265,200,200,200,194,200,1,0,en.wikipedia.org,191,"Counts are saved records and citations, not independently verified substantive support."
Short stories · All time,short-story-all-time,150,,227,227,1.513,5,150,0,0,1,150,0,reddit.com,21,"Counts are saved records and citations, not independently verified substantive support."
Shōjo manga · All time,manga-shojo-all-time,200,,273,273,1.365,200,200,200,195,200,1,0,en.wikipedia.org,193,"Counts are saved records and citations, not independently verified substantive support."
Shōnen manga · All time,manga-shonen-all-time,200,,276,276,1.38,200,200,200,200,200,1,0,en.wikipedia.org,200,"Counts are saved records and citations, not independently verified substantive support."
Social history · Books,history-books-social,50,,243,123,2.46,5,50,0,0,1,50,0,goodreads.com,36,"Counts are saved records and citations, not independently verified substantive support."
Top 3 books by country,books-every-country,617,624,1395,12,0.019,0,0,0,0,0,0,0,en.wikipedia.org,12,Country evidence is recorded in entry.groupings; zero editorial links does not mean no supplied country references.
World history · Books,history-books-world,150,,228,228,1.52,5,150,0,0,1,150,0,reddit.com,32,"Counts are saved records and citations, not independently verified substantive support."
