target_id,title,priority,entry_count,country_placements,source_records,sources_flagged_eligible,supplementary_ledger_records,orphan_editorial_mappings,unregistered_citation_ids,prompt_file,snapshot_file,paste_parts_directory,paste_parts,characters,utf8_bytes,sha256,snapshot_sha256
books-every-country,Top 3 books by country,1,617,624,1395,12,0,0,0,prompts/books-every-country.txt,snapshots/books-every-country.json,paste-parts/books-every-country,46,2707434,2718395,f3c45147631bc8d98c5ac9297a159b65acb02ec4f8a4ff5df7ff0baed0604f69,c66bcb6aadfd42f27074ce0059712774064f157a19f0f19590191b566ed68993
history-books-ancient-rome,Ancient Rome · Books,1,100,0,226,226,0,0,0,prompts/history-books-ancient-rome.txt,snapshots/history-books-ancient-rome.json,paste-parts/history-books-ancient-rome,10,581210,585861,c0a0fe2d4244e9151897d886f0192d169f45d8a5eff7f0fd45144554282fa11d,eb112ad064132f000e346e5c1edc9575a44cfb848748c0a3a01a6dfe091607b0
history-books-medieval,Medieval history · Books,1,50,0,137,137,0,0,0,prompts/history-books-medieval.txt,snapshots/history-books-medieval.json,paste-parts/history-books-medieval,6,353997,355679,50a68050959069e8f346c6b46aa19cfa63491aa085a883dec31aa528ecb9a458,40bec8d6db0ef494e4baf53a9955326e950ac47f2ee2a3bb489c9a086f2a3856
books-africa,Books · Africa,1,149,0,255,255,0,0,0,prompts/books-africa.txt,snapshots/books-africa.json,paste-parts/books-africa,12,680639,685045,08c5c7815eb7636a8e1f71b8b40144fa9ddbb4b3d6d3550f5a1dce68f088ee6b,e017182139836f60df885ac26f8241efa69f68561041d0f29f30c7cfd9475f4a
books-historical-fiction,Historical fiction · All time,1,99,0,263,263,0,0,0,prompts/books-historical-fiction.txt,snapshots/books-historical-fiction.json,paste-parts/books-historical-fiction,10,536544,537338,0d3f06223511b6fbb1acfd5ee837539154dc91262e638615272ad2f52ed5f1fb,566e0e13138f36a7bbfd033e8478129457f12569b194ff123944e7bb2bb7d84a
books-horror-all-time,Horror books · All time,1,150,0,267,267,0,30,0,prompts/books-horror-all-time.txt,snapshots/books-horror-all-time.json,paste-parts/books-horror-all-time,16,910690,915157,945f771480cb98cef18d1759f63d94e4f39c6a0cb32b2738af3416ed21a3f34c,c948189687eb83223373ed6be039f4600fc65c3614fbbf568f2e87254272c6b4
manga-shonen-all-time,Shōnen manga · All time,1,200,0,276,276,0,0,0,prompts/manga-shonen-all-time.txt,snapshots/manga-shonen-all-time.json,paste-parts/manga-shonen-all-time,14,787752,789403,27f1b0476c372a4ca0d940b8397d2c98c1ea4a4037b86d98ab57cd56a766d119,e1ec3bacce3982a4dba3b25662d10b42cf3632aa340e1e78ddcbf95a67d829fb
manga-seinen-all-time,Seinen manga · All time,1,200,0,253,253,0,0,0,prompts/manga-seinen-all-time.txt,snapshots/manga-seinen-all-time.json,paste-parts/manga-seinen-all-time,13,763829,765302,2f034b4b6933c4aa01dd5790e2b18f5041157e3d187890a1cd6971ed34aef974,eb2885e3f663853b5b17bb6ca94751b617beaa5c9583f0b35614bbb159531a5d
manga-shojo-all-time,Shōjo manga · All time,1,200,0,273,273,0,0,0,prompts/manga-shojo-all-time.txt,snapshots/manga-shojo-all-time.json,paste-parts/manga-shojo-all-time,14,774554,777639,77fcb546c8da888c38bf45860c5e519ec24d25e03acbf93ea7b99d27a69ca802,b774d10b4e9cade0aeeebac1cfafc5381bcda83c3172ee809b5fb3d911051901
manga-josei-all-time,Josei manga · All time,1,200,0,304,304,0,0,0,prompts/manga-josei-all-time.txt,snapshots/manga-josei-all-time.json,paste-parts/manga-josei-all-time,14,820231,822571,2e6e64d3af3ed2726a74300c7711ab10247664e51208002c7be9079e910a3968,4423ee5258a6be416dba05481582d05c22da69bb87bb8a5936895d5e63b6a548
history-books-all-time,History books · All time,1,234,0,200,155,0,0,0,prompts/history-books-all-time.txt,snapshots/history-books-all-time.json,paste-parts/history-books-all-time,24,1378302,1387222,475d25c9e4d1f3abb5704d3f4544dd8270b1edad76e40b5a286639ad97cd2d7d,11a9c3be00ed819678272b2a4375d1f9d02080546bef0cc84a4e6687c7af5ed2
poetry-all-time,Poetry · All time,1,162,0,200,177,0,0,0,prompts/poetry-all-time.txt,snapshots/poetry-all-time.json,paste-parts/poetry-all-time,20,1153226,1167285,7bdfeac42be9f6363c7a80c0da2f9ed93a97b551237b7e2c5da73807741448f9,2f57a0d601c7d7b5add88f58dd97fc957659af4b8611996da8c38128ed4de265
philosophy-books-all-time,Philosophy books · All time,1,250,0,256,235,0,0,0,prompts/philosophy-books-all-time.txt,snapshots/philosophy-books-all-time.json,paste-parts/philosophy-books-all-time,25,1395185,1406317,a8583bc48aaa5aeaa079047a44f4365455fc97085b60d2aed33270fcf241a69b,9959a3da371bbda11ad613fc9c277a2c111989f831dd2e9bb46dbbc66d8b31ec
literature-all-time,Literary fiction · All time,1,250,0,101,101,0,0,0,prompts/literature-all-time.txt,snapshots/literature-all-time.json,paste-parts/literature-all-time,13,731000,733737,9e6208084b849ebe6c49ed19d8303a52925c116e297dd69653558539969c3b97,30edb183e64ca24bf363adde39fd9f0c504745340a97ab9e194c57ff4ebbc7b0
books-ancient,Ancient works · All time,2,130,0,221,221,0,0,0,prompts/books-ancient.txt,snapshots/books-ancient.json,paste-parts/books-ancient,10,578262,581208,00168069df29d9de461d921a47f88128990101e8fce4ddeff0df9e7067d08cba,e6c069a841e7b10a20bfae4ada374d8e4eb3679b9bfc8e1f8267995680296b68
history-books-ancient-world,Ancient world · History books,2,100,0,230,230,0,0,0,prompts/history-books-ancient-world.txt,snapshots/history-books-ancient-world.json,paste-parts/history-books-ancient-world,9,530095,532626,a0659c9f1f99d142414e8201186db6617f8d393379bc441210b1c86d0b3f47f9,65ed084075e6ea969801d331e2bbd7ed7069e568cd5b45c9f30178945ef49349
books-biography-autobiography-all-time,Biography & autobiography · All time,2,150,0,277,277,0,0,0,prompts/books-biography-autobiography-all-time.txt,snapshots/books-biography-autobiography-all-time.json,paste-parts/books-biography-autobiography-all-time,17,988987,992304,754249792bcfabd5914845c08baf9f1c863b7adc9d1e1cbd6017ed4beacd7aa8,26571046b8e8fe5dabdfd3c51a0c9955f635edb75a1b1d654eb7f3107eb1acfe
books-all-time,Books · All time,2,250,0,415,369,0,0,0,prompts/books-all-time.txt,snapshots/books-all-time.json,paste-parts/books-all-time,30,1720238,1740818,caf50b6343ffd9e851e5c2e6966f5467a967ee679df1a941e2912c18bbc6fa9c,ffd14e55e93527154a182f5a75b8622b7beb7cb74ecd84600c488abf19b91fca
books-arabic,Books · Arabic tradition,2,98,0,207,207,0,0,0,prompts/books-arabic.txt,snapshots/books-arabic.json,paste-parts/books-arabic,9,477839,481231,2ace49557561bf5503e20dabaa132f82ebab5a8c8e6b3b8866fddc7e833137d4,89feb8e3da1f1806a4f27c642f4a195f10ae29c963f7e1cb19b404a84a933e28
books-england,Books · England,2,100,0,247,167,0,0,0,prompts/books-england.txt,snapshots/books-england.json,paste-parts/books-england,10,545404,549004,2179ae0241b79ea61ce4b8020729d0a1512696c37a6eb55e9f0eb29e6caa78ba,c5141b254980915b5c92d7fe01b334b4ca3edde8b4bdd8f83ef71fbc92d18581
books-france,Books · France,2,100,0,130,130,0,0,0,prompts/books-france.txt,snapshots/books-france.json,paste-parts/books-france,7,402253,404831,23285a53b150f4eeb1471c766940495bee4d5b217f76f068d3b271e78c8bdda5,b749bb4863d906023b136d9bf77f5255f6b6c9ca17d4bac2ae3963b796081fa7
books-germany,Books · Germany,2,100,0,103,103,0,0,0,prompts/books-germany.txt,snapshots/books-germany.json,paste-parts/books-germany,7,379336,381630,4bb37c8e202230818c762086541679fdab7ee743bddf13485030302551c06b77,c16a7eb23e316447153ebcbeeaa1bd062d8c972fefaf89becfd38b33ddf8d596
books-india,Books · India,2,100,0,188,188,0,0,0,prompts/books-india.txt,snapshots/books-india.json,paste-parts/books-india,8,456904,459481,61ffe09601f251ac8210b7abb3b4356095532fee3caccb04aa2f6acaa4f15413,aa3a098605374eea6d43d0fd038502823c2ebe31a03a7c207e38c00e83b442f9
books-ireland,Books · Ireland,2,49,0,239,131,0,0,0,prompts/books-ireland.txt,snapshots/books-ireland.json,paste-parts/books-ireland,7,406632,407820,ec4c370e14bb37b54c98a5ae4bd1ccf4f5e8b21577752e6f758809ac137e175a,9cd665c3d87edaf9ff653569e12a7be99f258714553334b0b5cec4baa9e64c8b
books-italy,Books · Italy,2,100,0,145,145,0,0,0,prompts/books-italy.txt,snapshots/books-italy.json,paste-parts/books-italy,7,408047,408579,5ff13cdaf30d72b0cadbe5e1682c7a250a05ff6b95939393062191da2c0e525e,b751c89baf0cd1ea531bfcf712845f8b5f1dcae98a9e003d5b6ada661d498740
books-medieval,Books · Medieval world,2,100,0,118,118,0,0,0,prompts/books-medieval.txt,snapshots/books-medieval.json,paste-parts/books-medieval,7,393794,396162,45edfbe8c9008270a2af9d440c574848eacbb973e4dc99a7ffaefeeebe293441,92c2b82779172ec6e7c92640ad7bf93fc7e9e0f7d691e0fd5403afa533ecb5bb
books-scotland,Books · Scotland,2,50,0,270,50,0,0,0,prompts/books-scotland.txt,snapshots/books-scotland.json,paste-parts/books-scotland,8,450861,453307,06dd6ff77eb40c79cde231d063d6cd2d212aebe132c0594781ee58662f432d6e,a8c2e6a6c2851f1978b36cdcec3ab99d83158d1c48a2840c3e1805ae3c71fd98
books-south-america,Books · South America,2,150,0,260,260,0,0,0,prompts/books-south-america.txt,snapshots/books-south-america.json,paste-parts/books-south-america,12,693435,697441,8d6d38265370117f6ccb7dcfc0d9e016ccf330378037fcc6cd153d7dab0fe859,5cc033796fd6cbe5759f9096976fa0b57980e9584cf73a546aaf4bf578c8c32a
books-southeast-asia,Books · Southeast Asia,2,150,0,268,268,0,0,0,prompts/books-southeast-asia.txt,snapshots/books-southeast-asia.json,paste-parts/books-southeast-asia,14,817993,825466,49cb5d7c9c5b415cfdf3735e338ed472e3eeacf9e60bf160b1b1079e933bec0a,ba82bdbc8da2a4f582290fbb20cb9dcb3557ae2c17fc3b57d3b82284fe725dc5
books-turkish-tradition,Books · Turkish literary tradition,2,100,0,137,137,0,0,0,prompts/books-turkish-tradition.txt,snapshots/books-turkish-tradition.json,paste-parts/books-turkish-tradition,8,447901,451638,fc85e7e7d282ac4a9253837a757e99792acc48bcb1ec984f493b3600874527a1,cdb43f540e53ab71e03ee0a53695ba31f392ce168d6c3fe7faf56e32362be1ed
books-united-states,Books · United States,2,100,0,113,113,0,0,0,prompts/books-united-states.txt,snapshots/books-united-states.json,paste-parts/books-united-states,7,397760,399803,97e2aa18116aab2b84dfe7a729f05d25d831858a46e30d091f0130ec59b4be43,e3750e75e971d10689293582c99442fe7b98e1fb567b02d1db3eacfab42a8578
books-victorian,Books · Victorian world,2,150,0,229,229,0,0,0,prompts/books-victorian.txt,snapshots/books-victorian.json,paste-parts/books-victorian,12,663930,667751,30724901d4cd77db138784b7fa19d9cd29adb5a2b58a41945cb52bf62ef9a865,a03409ca5cfbfdffa20a80415ad196ed5bb67d91716c85c94259f4c9604a8958
history-books-chinese-history,Chinese history · Books,2,49,0,120,120,0,0,0,prompts/history-books-chinese-history.txt,snapshots/history-books-chinese-history.json,paste-parts/history-books-chinese-history,5,278342,280400,362fd3dde0550f65562682039bbe380290649629cd88f1906d6a46371fab1b98,2441d8d3ba645f65ff2927bd48bbb8c41c7b3ad1d4fd15ebb61fa53a84cbb19a
classical-education-guide,Classical education · Guide,2,250,0,311,287,0,0,0,prompts/classical-education-guide.txt,snapshots/classical-education-guide.json,paste-parts/classical-education-guide,20,1170703,1175182,4f74223900cfb6382389b2cbec6c0c2b63090cc3cc9ea144256fefa8076244cc,57e731cc1da47b0dc7116f284d49eb0fa374ec22de100b3b4c18b3709c3239cb
history-books-england,English history · Books,2,100,0,218,218,218,0,0,prompts/history-books-england.txt,snapshots/history-books-england.json,paste-parts/history-books-england,13,751349,754527,0679751a35a46c334e5b243b04f81cbcad31c1532e6e76952bd441c5b51cedfc,e31062da1d94c466beb9866bf9be73a8cef281f0ab90d792507c0f778ab42395
books-epistemology,Epistemology · Works,2,100,0,163,163,0,0,0,prompts/books-epistemology.txt,snapshots/books-epistemology.json,paste-parts/books-epistemology,8,443946,446360,c2ddf045742dde78ecac7bd0859b7282a31317cf8bbf56e06236a3f72c977d6c,a8743c173129a0c9fadeaa7fad36da8e36cf8f911bb3066732b4b9d8e445fec5
essay-all-time,Essays · All time,2,100,0,225,224,0,0,0,prompts/essay-all-time.txt,snapshots/essay-all-time.json,paste-parts/essay-all-time,9,514299,517546,3d417d2d38b344c74e667fab020520fc3e4b54080886b70f5f4ad08cc4b1288a,6883f41d458c789c56bd52308e311e56c77b138929a71bdd539a671b8c64f766
books-ethics,Ethics · Works,2,98,0,138,138,0,0,0,prompts/books-ethics.txt,snapshots/books-ethics.json,paste-parts/books-ethics,7,415416,417526,3d238632d1b794986d34bf8d3bb0c9f2a8100b10a74a384bfb443b5c14e4f24a,a1fb8c115beeaeb27c5c1fd357e8a9889f5b38044c18e24c0b38adc704ef80e5
books-fantasy-all-time,Fantasy books · All time,2,150,0,267,267,0,0,0,prompts/books-fantasy-all-time.txt,snapshots/books-fantasy-all-time.json,paste-parts/books-fantasy-all-time,17,950955,955189,5bec10c33167489c8bee669a43747ef46f2484cd68ca19c87c44a10686885e31,11d4a247e7e5f4f125d64f3256df6b933ef7798ed906436c526d7b1669f71fbe
books-funniest-all-time,Funniest books · All time,2,150,0,354,281,0,0,0,prompts/books-funniest-all-time.txt,snapshots/books-funniest-all-time.json,paste-parts/books-funniest-all-time,19,1057783,1062462,53cd134b22c634f690722e7dd4358ef9b2fb189abefd039b48956b3c0a56b951,2b940290ecc7a067a5bdb1dcbacca693c47e2a771f06f2255c05bc3e45b822d2
history-books-london,History of London · Books,2,50,0,266,266,0,0,0,prompts/history-books-london.txt,snapshots/history-books-london.json,paste-parts/history-books-london,8,440183,442517,cf30442651c5827d10c92542379931bd70f6736bdd4be2cb3d9ca904ed6805e5,42d2998f76127d9f1902005c9f2cc3e5bd18ba0e288ca648f28076860670f561
books-metaphysics,Metaphysics · Books,2,100,0,153,153,0,0,0,prompts/books-metaphysics.txt,snapshots/books-metaphysics.json,paste-parts/books-metaphysics,8,421104,424420,b919a80b5d87aa3ba237468f0e9103b6386aff324a7e7d8ab864d8483f1a3e1c,1d97012764157a064491301ef2e47ca9fa386c16cb44b975db754850d5074cd7
books-beautifully-written-all-time,Most beautifully written books · All time,2,150,0,320,320,0,0,0,prompts/books-beautifully-written-all-time.txt,snapshots/books-beautifully-written-all-time.json,paste-parts/books-beautifully-written-all-time,18,1029819,1033446,d35bc44dc2468c00f2f613ef33fed4fda867b5b4fd12504f51fd591158140b35,88af3e19b89ae24e2fe7b341ca961ccb3998497ad251419d3e4799d3c3fcb90d
other-works-all-time,Most important literary works · All time,2,250,0,611,611,0,0,0,prompts/other-works-all-time.txt,snapshots/other-works-all-time.json,paste-parts/other-works-all-time,25,1478462,1483311,4917d55357aa1e5901ffa981f16926ad9c6c98ee1dd04af9fda833db28328de4,8795fc4c4b88c6c1352a327c8e28ad239e97512c5138b253b3b8ed4c66304885
nonfiction-all-time,Nonfiction · All time,2,250,0,322,290,0,0,0,prompts/nonfiction-all-time.txt,snapshots/nonfiction-all-time.json,paste-parts/nonfiction-all-time,26,1476287,1493787,baa525c43cb66fee10b2efa11ee048b59c65a28cdcd0b51bf19268bc3c7204ed,a65f786549a1583835c99333f0b29c6dcf67b4fb8d4345a2841db3b0d29c2dab
philosophers-all-time,Philosophers · All time,2,23,0,100,100,0,0,0,prompts/philosophers-all-time.txt,snapshots/philosophers-all-time.json,paste-parts/philosophers-all-time,4,205970,206972,c893c9969e2b4f8d034de7d890da3820052f3e7278cb03fd1e7ecd3502ea2ad3,a70d52e630a03a70301c16e9a6614238f840e28aace31c22bba49a66f76b3bbb
books-philosophy-of-language,Philosophy of language · Works,2,20,0,135,53,0,0,0,prompts/books-philosophy-of-language.txt,snapshots/books-philosophy-of-language.json,paste-parts/books-philosophy-of-language,4,227965,229339,e1558d8208056d5c332d28f3f3d3997c0a98f00d7987cf1f9e724ae766b73cf2,060822dd19461e9b42d76be4f9e45d649b97cbb34efae6de6ae888578da14ec2
books-philosophy-of-mathematics,Philosophy of mathematics · Works,2,20,0,132,132,0,0,0,prompts/books-philosophy-of-mathematics.txt,snapshots/books-philosophy-of-mathematics.json,paste-parts/books-philosophy-of-mathematics,4,228522,229833,03ad36b09bfba36dd63328372e1f2e7ff15175cfbc6f920826f6ab7de220f9f8,4e168c8ac43241551e7639f5da7b22735e22a5fb7dbba242a9acffd81a5613d4
books-philosophy-of-mind,Philosophy of mind · Works,2,50,0,153,153,0,0,0,prompts/books-philosophy-of-mind.txt,snapshots/books-philosophy-of-mind.json,paste-parts/books-philosophy-of-mind,6,327244,328913,091178c4fb00ba772d7c660274348314cbb051bb3efb61e5304b18bcd4d5d2f4,8f4a549e5db52f9b1d19f0ccff3dd8f1da5f86887bae4ffce4b7411fe5bcb882
books-philosophy-of-science,Philosophy of science · Works,2,50,0,120,120,0,0,0,prompts/books-philosophy-of-science.txt,snapshots/books-philosophy-of-science.json,paste-parts/books-philosophy-of-science,5,299018,300428,a6f46f3a8e6eb6cd403f8fc9318f4ae2fbf237a27d4b8f49a1155c37d61561c9,b49dc3cee6e721943567606591bd70353466d43a9b21cb16262e65d99fa1ff73
play-all-time,Plays · All time,2,149,0,266,266,0,0,0,prompts/play-all-time.txt,snapshots/play-all-time.json,paste-parts/play-all-time,12,685016,688542,b804ca54ffd1528e90800a31608eb1ced3762ce57f4e5ca5fa5071c475549dc1,36b2ef98cf138f2350e4cbd327877a981af8f9f36e41844d4ca997211b0b217a
books-political-philosophy,Political philosophy · Works,2,50,0,133,133,0,0,0,prompts/books-political-philosophy.txt,snapshots/books-political-philosophy.json,paste-parts/books-political-philosophy,6,308918,310703,a733b3793d67605d94e80283e6abc3a281785180829a88036dcbf3a5f856c4e4,6f0cd088dffb82990c6d69c82dac5e0ba4ecde5645f1d57146ab2fa03c509b10
short-story-all-time,Short stories · All time,2,150,0,227,227,0,0,0,prompts/short-story-all-time.txt,snapshots/short-story-all-time.json,paste-parts/short-story-all-time,11,639832,640683,761efb75afebff8a27c92522a82cc962c1de25691dbfd4f708f792134fbbba64,cf71e7ef8a187b3e4dead9cf4841aa9000fc94eb26ce46c4af8f27ee4fc35481
history-books-social,Social history · Books,2,50,0,243,123,0,0,0,prompts/history-books-social.txt,snapshots/history-books-social.json,paste-parts/history-books-social,7,412988,415260,6e778ad00c8c48000b69d5e0b1a21e2643df15757e35c5098d6ee23e5f107cdb,37229e6d992504ea6e924f453e96309f9af31b1fb05fb863549504da3b582b38
history-books-world,World history · Books,2,150,0,228,228,0,0,0,prompts/history-books-world.txt,snapshots/history-books-world.json,paste-parts/history-books-world,12,697000,700554,d9bb974ff80b8809278ec3367912bc4e53d0ca417a9a83612541f95789519312,eb74d57b49452d1a7fee6cb9bc3c3f839cd833879c8211e3c086baad9776bf10
books-caribbean,Books · Caribbean,3,50,0,225,225,0,0,0,prompts/books-caribbean.txt,snapshots/books-caribbean.json,paste-parts/books-caribbean,7,404502,407528,49cae45bb1416a7bafc01feecfb9b370b34f3854885f1ddfc580e68467530c3d,f5286f72c7d350944901f647b104652f4ae4ad9f3157c3330d0ec536cbdfff9e
books-china,Books · Chinese-language tradition,3,100,0,245,147,0,0,0,prompts/books-china.txt,snapshots/books-china.json,paste-parts/books-china,10,566174,571701,7a2707b08d193bd2e87a896ec78a41323a1366b5fac1212ff7b0fd06c41db041,7e1bda453ae61578d2740ac00ac77388994882258c7d6849ca969a938addca23
books-japan,Books · Japan,3,100,0,259,153,0,0,0,prompts/books-japan.txt,snapshots/books-japan.json,paste-parts/books-japan,11,612088,615847,6e3d3ead295dbe00c4b1c3e79c7d873cd558748975820b8b16c67c3962cbd877,b5174043df648ab36ae90ee5e5d8f3f95836d97e6f6d844126b4f0de002a51f8
books-poland,Books · Poland,3,100,0,241,149,0,0,0,prompts/books-poland.txt,snapshots/books-poland.json,paste-parts/books-poland,11,635071,638284,d162c62e38cf8c2111f0d75d6d0f1f9feeaacfae14cca68fa28399a2c79ac32f,6c1054db0fa2eb4cf4179fb01134a2e6152bc620cfb8983f92fdeba2355a2513
books-russian,Books · Russian literary tradition,3,99,0,220,220,0,0,0,prompts/books-russian.txt,snapshots/books-russian.json,paste-parts/books-russian,9,500059,505171,3ef27c9ad8a9727a8bc96a1a33eb16a6016f32259a8ee3e662c1a7598c9f9922,56a9a424e11e119f7631fa11c038a9206b3ed605fd816843c613bd5e128261d5
comics-graphic-novels-all-time,Comics and graphic novels · All time,3,250,0,827,827,0,0,0,prompts/comics-graphic-novels-all-time.txt,snapshots/comics-graphic-novels-all-time.json,paste-parts/comics-graphic-novels-all-time,34,1960409,1968134,fe29a4bea71283a2b7eb6aa963c9f49e7746ba8429d6449ad1b8f1c83f51135d,8f7c9dd09db2915587e68f2b942a61eeced808a30ac8fc26d079bbc7ed9b8fa0
manga-all-time,Manga · All time,3,250,0,596,596,0,0,0,prompts/manga-all-time.txt,snapshots/manga-all-time.json,paste-parts/manga-all-time,26,1516620,1538085,ffeb52eab72447c5da2623bd30c3ac98f9a040a617b60fc31ec2fa7178269e82,68f7bd4e59a226561451deed1d74f377cdbd44c0f60b397ae8e102c141ecbf73
books-addictive-all-time,Most addictive books · All time,3,150,0,281,274,0,0,0,prompts/books-addictive-all-time.txt,snapshots/books-addictive-all-time.json,paste-parts/books-addictive-all-time,14,797665,801485,46b82681ef226e72751235166af47b75893bd5d57ee47fd28b6a30e401caa97c,928d32ca5545a18e5d8b253fbdc4ec3fd6c9cf53e536d2ef79cd185e890dc059
books-mainstream-loved-all-time,Most mainstream-loved books · All time,3,150,0,281,200,0,0,0,prompts/books-mainstream-loved-all-time.txt,snapshots/books-mainstream-loved-all-time.json,paste-parts/books-mainstream-loved-all-time,16,906282,907828,370aa39efb496d820c3e0a6d8cb1fcd4a0452d660b5350287f816d6d8d6e2ff5,bd9622567fad4482217078e723a0c3c3914a84b1727e806f26ecdceaf7932156
science-books-all-time,Science books · All time,3,150,0,270,270,0,0,0,prompts/science-books-all-time.txt,snapshots/science-books-all-time.json,paste-parts/science-books-all-time,16,942900,946080,22ad92c0f5babe62ae42979a1e43c37710db746e382299670d89bb0486a14b60,4876504a8269aa6480906254afcb783dcd667c95c34fb1d030413d9e2dd5daab
books-science-fiction-all-time,Science fiction · All time,3,150,0,289,289,0,0,0,prompts/books-science-fiction-all-time.txt,snapshots/books-science-fiction-all-time.json,paste-parts/books-science-fiction-all-time,16,911405,916777,d9de1d4e7a15edd311f6b5fd3857f901e8f1fcceded920448df0bcc46f2daa43,c7698f2e5c9c0a40342d5196a8c3733463caacdd578a27c90325306e55a3ca4b
